metric,mean,std
mae,1322.7951839439334,366.06476926224315
rmse,1538.7886526419904,370.59862835182804
r2,-3.239666508418388,7.118051276816855
